{
  "minecraft:recipes/decorations/crafting_table": {
    "criteria": {
      "unlock_right_away": "2024-02-09 20:39:52 +0100"
    },
    "done": true
  },
  "betterdeserttemples:root": {
    "criteria": {
      "always": "2024-02-09 20:39:52 +0100"
    },
    "done": true
  },
  "betterdungeons:root": {
    "criteria": {
      "always": "2024-02-09 20:39:52 +0100"
    },
    "done": true
  },
  "minecraft:adventure/adventuring_time": {
    "criteria": {
      "minecraft:snowy_taiga": "2024-02-09 20:39:53 +0100"
    },
    "done": false
  },
  "DataVersion": 3465
}